title,poster,time,subreddit,url
"ELI5: Why do so many modern drugs have names that end in ""umab""?",BigKittehKat,Sun Feb 25 15:27:38 2024 UTC,explainlikeimfive,/r/explainlikeimfive/comments/1azqik0/eli5_why_do_so_many_modern_drugs_have_names_that/
"Eli5 Why are those long in-app game ads always misleading/showing a completely different game than what it actually is. Why would a company choose, marketing-wise, to put money and effort into an add that doesn't represent its product at all?",Internal-Debt1870,Sun Feb 25 08:34:16 2024 UTC,explainlikeimfive,/r/explainlikeimfive/comments/1azj42i/eli5_why_are_those_long_inapp_game_ads_always/
ELI5: Metric paper which always has the same ratio of dimensions when folded in half that being 1/sqrt(2). How was the logic behind this derived?,Average_guy94,Sun Feb 25 19:34:18 2024 UTC,explainlikeimfive,/r/explainlikeimfive/comments/1azwmv6/eli5_metric_paper_which_always_has_the_same_ratio/
ELI5: why do people get offered water after a traumatic event? Or when in distress?,Mikeuntzdry,Sun Feb 25 22:54:53 2024 UTC,explainlikeimfive,/r/explainlikeimfive/comments/1b01oh0/eli5_why_do_people_get_offered_water_after_a/
eli5 why does sugar make my teeth hurt?,New_Swordfish_1352,Sun Feb 25 16:46:19 2024 UTC,explainlikeimfive,/r/explainlikeimfive/comments/1azsf1q/eli5_why_does_sugar_make_my_teeth_hurt/
eli5: What are the differences between Bipolar and Borderline Personality Disorders?,kindanice_prettyrice,Sun Feb 25 19:24:10 2024 UTC,explainlikeimfive,/r/explainlikeimfive/comments/1azwdtr/eli5_what_are_the_differences_between_bipolar_and/
"ELI5: How is it determined whether to use 'ian/an', 'er', 'ese', or 'ite' as a suffix for the name of a people from a place.",16BitMode7,Sun Feb 25 21:22:41 2024 UTC,explainlikeimfive,/r/explainlikeimfive/comments/1azzcxe/eli5_how_is_it_determined_whether_to_use_ianan_er/
ELI5: Were the world’s most “difficult” math problems constructed to be unsolvable?,SunsetSherbert231,Sun Feb 25 07:40:49 2024 UTC,explainlikeimfive,/r/explainlikeimfive/comments/1aziaki/eli5_were_the_worlds_most_difficult_math_problems/
"ELI5 - Why is it so easy to overwater a plant, but sticking the roots directly underwater is how you propagate it?",SpongeBobSpacPants,Sat Feb 24 20:06:28 2024 UTC,explainlikeimfive,/r/explainlikeimfive/comments/1az3x8x/eli5_why_is_it_so_easy_to_overwater_a_plant_but/
ELI5: How does it only take a year or so to speak/understand our first language but it’s so much harder to acquire another language?,_chenzillina,Sun Feb 25 03:37:48 2024 UTC,explainlikeimfive,/r/explainlikeimfive/comments/1aze32w/eli5_how_does_it_only_take_a_year_or_so_to/
Eli5 how can animal behaviour be passed down through DNA?,Saurlifi,Sun Feb 25 16:28:31 2024 UTC,explainlikeimfive,/r/explainlikeimfive/comments/1azrz5h/eli5_how_can_animal_behaviour_be_passed_down/
ELI5: What does it mean to refinance and take out a second mortgage on your home,Kieotyee,Sun Feb 25 02:41:43 2024 UTC,explainlikeimfive,/r/explainlikeimfive/comments/1azd093/eli5_what_does_it_mean_to_refinance_and_take_out/
ELI5 Why Some Lactose Intolerant People can eat Cheese and Others Can’t.,djdjdjdddd,Sun Feb 25 02:43:09 2024 UTC,explainlikeimfive,/r/explainlikeimfive/comments/1azd1az/eli5_why_some_lactose_intolerant_people_can_eat/
"Eli5: Why do we sometimes feel more refreshed after a short nap than a full night's sleep, even though we've slept for fewer hours?",MeteorIntrovert,Sun Feb 25 00:46:51 2024 UTC,explainlikeimfive,/r/explainlikeimfive/comments/1azaliq/eli5_why_do_we_sometimes_feel_more_refreshed/
ELI5: Re-ignition of chip pan fire,Inevitable-Care,Sun Feb 25 22:53:10 2024 UTC,explainlikeimfive,/r/explainlikeimfive/comments/1b01myv/eli5_reignition_of_chip_pan_fire/
Eli5 Why is the grip of infants so strong if naturally they should be weak?,CommandSecret1206,Sat Feb 24 17:17:13 2024 UTC,explainlikeimfive,/r/explainlikeimfive/comments/1ayzt1v/eli5_why_is_the_grip_of_infants_so_strong_if/
ELI5: Harnessing renewable energy and sending it to the grid,CatDelicious4165,Sun Feb 25 19:20:54 2024 UTC,explainlikeimfive,/r/explainlikeimfive/comments/1azwazi/eli5_harnessing_renewable_energy_and_sending_it/
ELI5: What exactly did a monarch do historically?,Brackets9,Sun Feb 25 15:28:46 2024 UTC,explainlikeimfive,/r/explainlikeimfive/comments/1azqjgv/eli5_what_exactly_did_a_monarch_do_historically/
ELI5: how does the replication of DNA work? And how exactly is it a semi conservative process?,Throooowaway999lolz,Sun Feb 25 11:32:39 2024 UTC,explainlikeimfive,/r/explainlikeimfive/comments/1azluyt/eli5_how_does_the_replication_of_dna_work_and_how/
ELI5: Why aren’t there more deaths in the US caused by rabies?,Separate_Onion3162,Sat Feb 24 11:50:50 2024 UTC,explainlikeimfive,/r/explainlikeimfive/comments/1aysqp0/eli5_why_arent_there_more_deaths_in_the_us_caused/
eli5: How can a bird embryo breathe?,fatzgenfatz,Sun Feb 25 17:47:03 2024 UTC,explainlikeimfive,/r/explainlikeimfive/comments/1aztxfh/eli5_how_can_a_bird_embryo_breathe/
"ELI5: If you don't have cancer, but were put trough radiation therapy, what are the odds you'd get cancer?",Anarcho_Spider-man,Sun Feb 25 23:42:26 2024 UTC,explainlikeimfive,/r/explainlikeimfive/comments/1b02tkd/eli5_if_you_dont_have_cancer_but_were_put_trough/
Eli5: Why does water have no flavor?,comebacktoearth1,Sun Feb 25 23:42:09 2024 UTC,explainlikeimfive,/r/explainlikeimfive/comments/1b02tbw/eli5_why_does_water_have_no_flavor/
Eli5: How do water current actually work?,PsychologicalStock54,Sun Feb 25 23:38:24 2024 UTC,explainlikeimfive,/r/explainlikeimfive/comments/1b02q9d/eli5_how_do_water_current_actually_work/
Eli5: How do doctors save people from a heart attack?,Neither_Tomorrow_238,Sun Feb 25 02:36:57 2024 UTC,explainlikeimfive,/r/explainlikeimfive/comments/1azcwry/eli5_how_do_doctors_save_people_from_a_heart/
ELI5: What is a time crystal?,Bloomy999,Sat Feb 24 17:44:07 2024 UTC,explainlikeimfive,/r/explainlikeimfive/comments/1az0grj/eli5_what_is_a_time_crystal/
ELI5: What's the science behind stress affecting menstrual cycles?,greanestbeen,Sun Feb 25 17:07:39 2024 UTC,explainlikeimfive,/r/explainlikeimfive/comments/1azsy35/eli5_whats_the_science_behind_stress_affecting/
ELI5: The Bradley-Terry Model,metamorpheus97,Sun Feb 25 22:46:16 2024 UTC,explainlikeimfive,/r/explainlikeimfive/comments/1b01gto/eli5_the_bradleyterry_model/
ELI5: How did APIs and device drivers work together? Specifically in the case of GPUs,thiccdickmoses,Sun Feb 25 19:00:08 2024 UTC,explainlikeimfive,/r/explainlikeimfive/comments/1azvrr8/eli5_how_did_apis_and_device_drivers_work/
ELI5: How does the Chinese ‘great firewall’ work?,Extra_Put_3780,Sun Feb 25 22:41:20 2024 UTC,explainlikeimfive,/r/explainlikeimfive/comments/1b01cbc/eli5_how_does_the_chinese_great_firewall_work/
Eli5: Lifting more weight without building more muscle,elrosso1,Sat Feb 24 09:38:15 2024 UTC,explainlikeimfive,/r/explainlikeimfive/comments/1ayqo82/eli5_lifting_more_weight_without_building_more/
ELI5: Why aren’t volume levels standardized?,Illustrious-Curve993,Sat Feb 24 20:08:52 2024 UTC,explainlikeimfive,/r/explainlikeimfive/comments/1az3zba/eli5_why_arent_volume_levels_standardized/
ELI5: Liver Function Tests,CDunham87,Sun Feb 25 20:08:48 2024 UTC,explainlikeimfive,/r/explainlikeimfive/comments/1azxhyq/eli5_liver_function_tests/
ELI5: How does building cardio work?,N-Pretencioso,Sat Feb 24 21:37:23 2024 UTC,explainlikeimfive,/r/explainlikeimfive/comments/1az65cu/eli5_how_does_building_cardio_work/
eli5: How does an APO box work for an American civilian moving to Germany to work on an Army base?,yeasty-undercarriage,Sun Feb 25 06:02:49 2024 UTC,explainlikeimfive,/r/explainlikeimfive/comments/1azgq3r/eli5_how_does_an_apo_box_work_for_an_american/
[ELI5] Which part of macronutrients turn into feces?,lowdicadi,Sun Feb 25 16:36:14 2024 UTC,explainlikeimfive,/r/explainlikeimfive/comments/1azs5x5/eli5_which_part_of_macronutrients_turn_into_feces/
"Eli5 why Instagram's ""show read receipts"" affects the other party AND me, when it says it only hides read receipts to others.",AmazingBazinga120,Sun Feb 25 19:29:35 2024 UTC,explainlikeimfive,/r/explainlikeimfive/comments/1azwima/eli5_why_instagrams_show_read_receipts_affects/
"ELI5: The phrase ""Never look a gift horse in the mouth""",big_hug123,Fri Feb 23 22:53:35 2024 UTC,explainlikeimfive,/r/explainlikeimfive/comments/1ayedmm/eli5_the_phrase_never_look_a_gift_horse_in_the/
"ELI5: Why does regular skin on the face scar from shallow surface injuries, but lips don't?",Yep_Im_Here_Too,Sun Feb 25 04:01:27 2024 UTC,explainlikeimfive,/r/explainlikeimfive/comments/1azej2l/eli5_why_does_regular_skin_on_the_face_scar_from/
eli5 why do bare trees seem purple in winter?,isupposeyes,Sun Feb 25 13:06:47 2024 UTC,explainlikeimfive,/r/explainlikeimfive/comments/1aznhmr/eli5_why_do_bare_trees_seem_purple_in_winter/
Eli5 How do territorial animals define their territory?,WePostingCringe,Sat Feb 24 17:12:20 2024 UTC,explainlikeimfive,/r/explainlikeimfive/comments/1ayzolm/eli5_how_do_territorial_animals_define_their/
ELI5: What was the purpose of those plastic rolls once used by fax machines?,GGf1994,Sun Feb 25 06:34:47 2024 UTC,explainlikeimfive,/r/explainlikeimfive/comments/1azh8wk/eli5_what_was_the_purpose_of_those_plastic_rolls/
ELI5: What is the UN and why do we need it?,tomerFire,Sat Feb 24 02:14:13 2024 UTC,explainlikeimfive,/r/explainlikeimfive/comments/1ayiwuo/eli5_what_is_the_un_and_why_do_we_need_it/
ELI5: what does autopilot actually do?,Far_Significance85,Sun Feb 25 20:52:14 2024 UTC,explainlikeimfive,/r/explainlikeimfive/comments/1azyl6h/eli5_what_does_autopilot_actually_do/
ELI5: What do forest animals do during rainstorms?,RatRacerEg6,Sat Feb 24 04:20:38 2024 UTC,explainlikeimfive,/r/explainlikeimfive/comments/1aylf6r/eli5_what_do_forest_animals_do_during_rainstorms/
[eli5] How does talking therapy works neurologically?,TheMadGraveWoman,Sat Feb 24 22:44:30 2024 UTC,explainlikeimfive,/r/explainlikeimfive/comments/1az7rpw/eli5_how_does_talking_therapy_works_neurologically/
Eli5 do you still consume sugar after instantly vomiting the food out,Agreeable-Fix1919,Sun Feb 25 23:18:53 2024 UTC,explainlikeimfive,/r/explainlikeimfive/comments/1b029qs/eli5_do_you_still_consume_sugar_after_instantly/
ELI5: what stops countries from secretly developing nuclear weapons?,Dacadey,Fri Feb 23 12:18:42 2024 UTC,explainlikeimfive,/r/explainlikeimfive/comments/1axz3yv/eli5_what_stops_countries_from_secretly/
Eli5: How can surgeons be absolutely sure that the patient will not feel any pain before they make an incision?,Neither_Tomorrow_238,Sun Feb 25 18:07:23 2024 UTC,explainlikeimfive,/r/explainlikeimfive/comments/1azufu7/eli5_how_can_surgeons_be_absolutely_sure_that_the/
eli5 Why does Astronomy and Astrology Full Moon Location differ?,AffectionateBat8305,Sun Feb 25 16:40:08 2024 UTC,explainlikeimfive,/r/explainlikeimfive/comments/1azs9bg/eli5_why_does_astronomy_and_astrology_full_moon/
"ELI5: how does a local anaesthetic work, and why is possible to still feel pressure in that anaesthetised area?",georgieboy78,Sat Feb 24 12:00:21 2024 UTC,explainlikeimfive,/r/explainlikeimfive/comments/1ayswa5/eli5_how_does_a_local_anaesthetic_work_and_why_is/
ELI5 how does quetiapine work?,improving-myself243,Sun Feb 25 05:29:22 2024 UTC,explainlikeimfive,/r/explainlikeimfive/comments/1azg4sg/eli5_how_does_quetiapine_work/
ELI5: Why does your nose breathe better when you pull back your cheek?,Danchag,Sat Feb 24 21:06:16 2024 UTC,explainlikeimfive,/r/explainlikeimfive/comments/1az5dup/eli5_why_does_your_nose_breathe_better_when_you/
ELI5: Why can't we figure out roughly how big the non-observable universe is?,Key-Seaworthiness517,Sat Feb 24 00:09:40 2024 UTC,explainlikeimfive,/r/explainlikeimfive/comments/1ayg76u/eli5_why_cant_we_figure_out_roughly_how_big_the/
ELI5 What is that feeling if relief when it feels like your body goes cold for a second,mannnnshiet,Sat Feb 24 15:17:47 2024 UTC,explainlikeimfive,/r/explainlikeimfive/comments/1aywx32/eli5_what_is_that_feeling_if_relief_when_it_feels/
ELI5: what is it in milk that stops your mouth burning from spicy foods?,Marzipan_civil,Fri Feb 23 20:37:03 2024 UTC,explainlikeimfive,/r/explainlikeimfive/comments/1ayb03r/eli5_what_is_it_in_milk_that_stops_your_mouth/
ELI5: How are radio waves mathematically expressed?,ShelixAnakasian,Sat Feb 24 17:46:19 2024 UTC,explainlikeimfive,/r/explainlikeimfive/comments/1az0irb/eli5_how_are_radio_waves_mathematically_expressed/
eli5 compensatory and non compensatory decision rules,SnooEagles2344,Sun Feb 25 03:17:20 2024 UTC,explainlikeimfive,/r/explainlikeimfive/comments/1azdp8c/eli5_compensatory_and_non_compensatory_decision/
"ELI5: Why are some vitamin tablets designed to be swallowed, and others to be dissolved in your mouth?",BowelMan,Sat Feb 24 14:27:50 2024 UTC,explainlikeimfive,/r/explainlikeimfive/comments/1ayvsfk/eli5_why_are_some_vitamin_tablets_designed_to_be/
eli5 Why are high/bird eye viewpoint shots in tv so low quality?,SoapBoy784,Sun Feb 25 02:12:42 2024 UTC,explainlikeimfive,/r/explainlikeimfive/comments/1azcf3a/eli5_why_are_highbird_eye_viewpoint_shots_in_tv/
"ELI5: For GPS apps like Apple & Google maps, how does it know every street name, exact building names, where there are speed cameras and stop signs etc.",Skinfreaaaaaak,Fri Feb 23 22:58:04 2024 UTC,explainlikeimfive,/r/explainlikeimfive/comments/1ayehdm/eli5_for_gps_apps_like_apple_google_maps_how_does/
Eli5:How do isotopes naturally occur,yeet_man69oof,Sun Feb 25 01:31:06 2024 UTC,explainlikeimfive,/r/explainlikeimfive/comments/1azbk1v/eli5how_do_isotopes_naturally_occur/
ELI5:How do Descriminants Work and why do they work this way,yeet_man69oof,Sun Feb 25 01:25:15 2024 UTC,explainlikeimfive,/r/explainlikeimfive/comments/1azbffu/eli5how_do_descriminants_work_and_why_do_they/
ELI5 : Trying to understand recovery apps,Heheboi69420not,Sat Feb 24 16:03:44 2024 UTC,explainlikeimfive,/r/explainlikeimfive/comments/1ayy045/eli5_trying_to_understand_recovery_apps/
ELI5 Why Sugars Irritate Sore Throats?,Sufficient-Search-71,Sun Feb 25 03:19:57 2024 UTC,explainlikeimfive,/r/explainlikeimfive/comments/1azdr16/eli5_why_sugars_irritate_sore_throats/
ELI5: Why aren’t more video games optimised for multi-core CPUs?,Nedks,Fri Feb 23 13:29:11 2024 UTC,explainlikeimfive,/r/explainlikeimfive/comments/1ay0gpx/eli5_why_arent_more_video_games_optimised_for/
"ELI5: Pizza has tomatoes, meat, veggies, bread, and such - so it has a little of everything in the food groups. Why is it not considered healthy?",jlavaplays,Fri Feb 23 04:40:39 2024 UTC,explainlikeimfive,/r/explainlikeimfive/comments/1axru3p/eli5_pizza_has_tomatoes_meat_veggies_bread_and/
ELI5: How are analytics and statistics different?,TatersAndMac,Sat Feb 24 20:15:45 2024 UTC,explainlikeimfive,/r/explainlikeimfive/comments/1az457d/eli5_how_are_analytics_and_statistics_different/
"eli5: what does it mean to ""delete the production database""?",stickyrice1214,Fri Feb 23 15:03:07 2024 UTC,explainlikeimfive,/r/explainlikeimfive/comments/1ay2m4c/eli5_what_does_it_mean_to_delete_the_production/
ELI5: Parthenogenesis,Puzzleheaded-Bar465,Sat Feb 24 07:32:29 2024 UTC,explainlikeimfive,/r/explainlikeimfive/comments/1ayorwg/eli5_parthenogenesis/
"ELI5: how does the post trade financial service involving stock broker, clearing house , depository work?",rajusaa,Sat Feb 24 10:43:49 2024 UTC,explainlikeimfive,/r/explainlikeimfive/comments/1ayro37/eli5_how_does_the_post_trade_financial_service/
ELI5 How does placebo effect actually work??,Skinfreaaaaaak,Fri Feb 23 22:49:35 2024 UTC,explainlikeimfive,/r/explainlikeimfive/comments/1ayea47/eli5_how_does_placebo_effect_actually_work/
eli5 How does alcohol taste dry when it's a liquid?,XxFireflyxxX,Fri Feb 23 10:28:19 2024 UTC,explainlikeimfive,/r/explainlikeimfive/comments/1axxb5c/eli5_how_does_alcohol_taste_dry_when_its_a_liquid/
Eli5 - why does water need electrolytes added to hydrate better?,RaceZestyclose8801,Fri Feb 23 19:35:49 2024 UTC,explainlikeimfive,/r/explainlikeimfive/comments/1ay9i40/eli5_why_does_water_need_electrolytes_added_to/
eli5: Altermagnets - what are they and why is it useful or important?,ProfessorFunky,Sat Feb 24 10:27:07 2024 UTC,explainlikeimfive,/r/explainlikeimfive/comments/1ayrf19/eli5_altermagnets_what_are_they_and_why_is_it/
ELI5: Why is it okay for cars to have a metal logo on the steering wheel even if the wheel has an airbag? isn't it a safety concern?,TheUnexpectedBanana,Fri Feb 23 05:12:00 2024 UTC,explainlikeimfive,/r/explainlikeimfive/comments/1axseug/eli5_why_is_it_okay_for_cars_to_have_a_metal_logo/
ELI5: is there a lower limit on the size of a nuclear bomb?,bergdokn,Fri Feb 23 07:41:16 2024 UTC,explainlikeimfive,/r/explainlikeimfive/comments/1axuw6m/eli5_is_there_a_lower_limit_on_the_size_of_a/
ELI5: Did the Neanderthals and Homospaiens from thousands of years ago go extinct and we are their great grand children? Like most of us have some Neanderthal DNA so does that mean they never died out?,Alarmed_Excitement99,Fri Feb 23 16:05:20 2024 UTC,explainlikeimfive,/r/explainlikeimfive/comments/1ay45vc/eli5_did_the_neanderthals_and_homospaiens_from/
Eli5 how did/do native peoples find safe drinking water? Is water boiled? Or have they built up immunities to funky junk in the water?,Shipwreck1343,Fri Feb 23 15:29:14 2024 UTC,explainlikeimfive,/r/explainlikeimfive/comments/1ay398e/eli5_how_diddo_native_peoples_find_safe_drinking/
eli5 - How did a landline phone work?,HermanCainTortilla,Sun Feb 25 01:24:29 2024 UTC,explainlikeimfive,/r/explainlikeimfive/comments/1azbesn/eli5_how_did_a_landline_phone_work/
ELI5: Why are humans so terrified of death and dying? Is it a natural response to the topic?,SunsetSherbert231,Sun Feb 25 07:54:38 2024 UTC,explainlikeimfive,/r/explainlikeimfive/comments/1azii9y/eli5_why_are_humans_so_terrified_of_death_and/
eli5: Does light refraction extend to the non-visible light specturm when a rainbow is created?,LSP141,Fri Feb 23 17:54:04 2024 UTC,explainlikeimfive,/r/explainlikeimfive/comments/1ay6yih/eli5_does_light_refraction_extend_to_the/
ELI5: Why is it so rare to see a purple flag?,lyfejk,Sat Feb 24 06:18:06 2024 UTC,explainlikeimfive,/r/explainlikeimfive/comments/1aynku9/eli5_why_is_it_so_rare_to_see_a_purple_flag/
"ELI5: when apps sell our data, what exactly are they selling?",JerseyRulez,Fri Feb 23 16:40:51 2024 UTC,explainlikeimfive,/r/explainlikeimfive/comments/1ay51we/eli5_when_apps_sell_our_data_what_exactly_are/
ELI5: Why does an ice cube stick to a cloth towel?,sustainable_scm,Fri Feb 23 13:52:46 2024 UTC,explainlikeimfive,/r/explainlikeimfive/comments/1ay0yli/eli5_why_does_an_ice_cube_stick_to_a_cloth_towel/
Eli5 how is glass reflective and transparent?,Beginning_Prior7892,Sat Feb 24 06:03:21 2024 UTC,explainlikeimfive,/r/explainlikeimfive/comments/1aynbqw/eli5_how_is_glass_reflective_and_transparent/
ELI5: How do dinosaur philosophers know top running speeds?,weedoowooodee,Fri Feb 23 08:51:04 2024 UTC,explainlikeimfive,/r/explainlikeimfive/comments/1axvwlz/eli5_how_do_dinosaur_philosophers_know_top/
ELI5: Why is death irreversible?,FiBarksdale,Thu Feb 22 15:56:13 2024 UTC,explainlikeimfive,/r/explainlikeimfive/comments/1ax9sav/eli5_why_is_death_irreversible/
ELI5: Helicopter blade feathering and lead/lag,Sweet_Speech_9054,Sat Feb 24 00:00:09 2024 UTC,explainlikeimfive,/r/explainlikeimfive/comments/1ayfyxs/eli5_helicopter_blade_feathering_and_leadlag/
ELI5: How do skyscrapers (especially ones with flat glass sides) manage rainwater?,firstLOL,Thu Feb 22 23:45:14 2024 UTC,explainlikeimfive,/r/explainlikeimfive/comments/1axlolz/eli5_how_do_skyscrapers_especially_ones_with_flat/
ELI5: The celcius was designed without regard to the temperature of absolute zero. Why does the exact value of absolute zero only have 2 decimal points in the celcius scale?,Cancerism,Thu Feb 22 22:24:04 2024 UTC,explainlikeimfive,/r/explainlikeimfive/comments/1axjohk/eli5_the_celcius_was_designed_without_regard_to/
ELI5: Why does water sometimes add friction but also sometimes remove friction?,ferariforests,Fri Feb 23 22:00:47 2024 UTC,explainlikeimfive,/r/explainlikeimfive/comments/1ayd2o0/eli5_why_does_water_sometimes_add_friction_but/
ELI5 How do “Motherboards” word,nbdyndstknw,Sat Feb 24 23:59:58 2024 UTC,explainlikeimfive,/r/explainlikeimfive/comments/1az9j27/eli5_how_do_motherboards_word/
ELI5: Vomit vs diarrhea as a means to combat infections,theR00ster22,Fri Feb 23 20:57:15 2024 UTC,explainlikeimfive,/r/explainlikeimfive/comments/1aybijg/eli5_vomit_vs_diarrhea_as_a_means_to_combat/
ELI5: Why get stitches when you have a decent sized cut? When it will still heal without?,Straight_Tension_290,Thu Feb 22 23:21:32 2024 UTC,explainlikeimfive,/r/explainlikeimfive/comments/1axl4bg/eli5_why_get_stitches_when_you_have_a_decent/
ELI5: What's the difference between firmware and drivers?,,Fri Feb 23 17:17:13 2024 UTC,explainlikeimfive,/r/explainlikeimfive/comments/1ay5zo2/eli5_whats_the_difference_between_firmware_and/
ELI5: How do emollients clean when used as soap alternatives. Bonus: How well do they clean vs soap.,Thertrius,Fri Feb 23 20:06:25 2024 UTC,explainlikeimfive,/r/explainlikeimfive/comments/1aya9ah/eli5_how_do_emollients_clean_when_used_as_soap/
ELI5: what is humidity,dylan_is_stoned,Sat Feb 24 02:09:42 2024 UTC,explainlikeimfive,/r/explainlikeimfive/comments/1ayitds/eli5_what_is_humidity/
"ELI5: Why does mouthwash recommend being used after brushing, when it has lower ppm fluoride than toothpaste?",EdgarStarwalker,Thu Feb 22 14:57:10 2024 UTC,explainlikeimfive,/r/explainlikeimfive/comments/1ax8d1f/eli5_why_does_mouthwash_recommend_being_used/
ELI5: (Possibly UK only) how does the contactless tap in on the London underground know when my debit card has insufficient funds?,FagnusTwatfield,Fri Feb 23 07:04:37 2024 UTC,explainlikeimfive,/r/explainlikeimfive/comments/1axuc4b/eli5_possibly_uk_only_how_does_the_contactless/
